Label	Content_Preview
# Resume: Ai Engineer Rajesh 9 Here's a professional resume for Rajesh: **Rajesh** **AI Engineer** *	"# Resume: Ai Engineer Rajesh 9

Here's a professional resume for Rajesh:

**Rajesh**
**AI Engineer**

**Contact Information:**

* Email: [rajesh@email.com](mailto:rajesh@email.com)
* Phone: (123) 456-"
: DCGAN, WGAN * Computer Vision techniques: Object detection, segmentation, image classification Ach	": DCGAN, WGAN
* Computer Vision techniques: Object detection, segmentation, image classification

Achievements:

* Best Paper Award, International Conference on Machine Learning (2020)
* Research Gran"
# Resume: Ai Researcher Christine Lopez 115 Here's a sample resume for Christine Lopez: Christine Lo	"# Resume: Ai Researcher Christine Lopez 115

Here's a sample resume for Christine Lopez:

Christine Lopez
Contact Information:

* Email: [christine.lopez@email.com](mailto:christine.lopez@email.com)
*"
, XYZ University (2015)** **Certifications:** * **Certified AI Engineer, AI Engineering Institute (2	", XYZ University (2015)**

**Certifications:**

* **Certified AI Engineer, AI Engineering Institute (2018)**

**References:**
Available upon request."
# Resume: Ai Engineer Raghu 10 Here's a professional resume for Raghu: **Raghu** **AI Engineer** **C	"# Resume: Ai Engineer Raghu 10

Here's a professional resume for Raghu:

**Raghu**
**AI Engineer**

**Contact Information:**

* Phone: (123) 456-7890
* Email: [raghu@email.com](mailto:raghu@email.com)"
deployed AI models using neural networks and NLP for customer service chatbots and virtual assistant	"deployed AI models using neural networks and NLP for customer service chatbots and virtual assistants
* Conducted experiments and analyzed results to optimize model performance and accuracy
* Worked w"
# Resume: Ai Researcher Jamie Gibson 189 Here is a professional resume for Jamie Gibson: Jamie Gibso	"# Resume: Ai Researcher Jamie Gibson 189

Here is a professional resume for Jamie Gibson:

Jamie Gibson
Contact Information:

* Email: [jgibson@email.com](mailto:jgibson@email.com)
* Phone: (123) 456-"
at international conferences, including IJCAI and CVPR Education: * Ph.D. in Computer Science, Unive	"at international conferences, including IJCAI and CVPR

Education:

* Ph.D. in Computer Science, University of California, Berkeley (2018)
* M.S. in Computer Science, University of California, Berkele"
# Resume: Ar Vr Developer Bradley Abbott 170 Here's a professional resume for Bradley Abbott: Bradle	"# Resume: Ar Vr Developer Bradley Abbott 170

Here's a professional resume for Bradley Abbott:

Bradley Abbott
Contact Information:

* Email: [bradley.abbott@email.com](mailto:bradley.abbott@email.com"
AR/VR features into existing applications * Conducted unit testing and debugging to ensure seamless	"AR/VR features into existing applications
* Conducted unit testing and debugging to ensure seamless user experience

Education:

* Bachelor of Science in Computer Science, [University Name] (2015)

Ac"
# Resume: Ar Vr Developer Stephanie Williams 17 Here's a sample resume for Stephanie Williams: Steph	"# Resume: Ar Vr Developer Stephanie Williams 17

Here's a sample resume for Stephanie Williams:

Stephanie Williams
Contact Information:

* Email: [stephanie.williams@email.com](mailto:stephanie.willi"
Education: * Bachelor's Degree in Computer Science, [University Name] (2015) Certifications: * Unity	"Education:

* Bachelor's Degree in Computer Science, [University Name] (2015)

Certifications:

* Unity Certified Developer (2017)
* ARKit Certified Developer (2019)

Achievements:

* Winner, [Award N"
# Resume: Cloud Engineer Joe Proctor 197 Here's a sample resume for Joe Proctor, a Cloud Engineer ca	"# Resume: Cloud Engineer Joe Proctor 197

Here's a sample resume for Joe Proctor, a Cloud Engineer candidate with expertise in Serverless Architecture, Cloud Networking, and Scripting:

Joe Proctor
Cl"
# Resume: Blockchain Developer Courtney Conner 179 Here's a professional resume for Courtney Conner:	"# Resume: Blockchain Developer Courtney Conner 179

Here's a professional resume for Courtney Conner:

Courtney Conner
Blockchain Developer

Contact Information:

* Email: [courtney.conner@email.com]("
Science, XYZ University (2015) Certifications: * AWS Certified Developer - Associate (2019) * Micros	"Science, XYZ University (2015)

Certifications:

* AWS Certified Developer - Associate (2019)
* Microsoft Certified: Azure Developer Associate (2018)
* CompTIA Cloud+ (2017)

Achievements:

* Designed"
YC protocols * Conducted code reviews and ensured adherence to coding standards and best practices *	"YC protocols
* Conducted code reviews and ensured adherence to coding standards and best practices
* Participated in Agile development methodologies, including Scrum and Kanban

Education:

* Bachelor"
# Resume: Business Analyst Anna Copeland 6 Here's a professional resume for Anna Copeland, a candida	"# Resume: Business Analyst Anna Copeland 6

Here's a professional resume for Anna Copeland, a candidate applying for a Business Analyst role:

Anna Copeland
Contact Information:

* Address: 123 Main S"
: * Business analysis and requirements gathering * Data analysis and visualization * Presentation an	":

* Business analysis and requirements gathering
* Data analysis and visualization
* Presentation and communication
* Problem-solving and stakeholder management
* Project management methodologies (Ag"
# Resume: Business Analyst Angela Hoffman 186 Here's a professional resume for Angela Hoffman, a can	"# Resume: Business Analyst Angela Hoffman 186

Here's a professional resume for Angela Hoffman, a candidate applying for the role of Business Analyst:

Angela Hoffman
Contact Information:

* Phone: (1"
* Communication and presentation skills * Stakeholder management and collaboration * Process improve	"* Communication and presentation skills
* Stakeholder management and collaboration
* Process improvement and project management

Achievements:

* Improved data quality and reduced data inconsistencies"
in sales and a 15% reduction in costs. * Designed and implemented a custom blockchain solution for a	"in sales and a 15% reduction in costs.
* Designed and implemented a custom blockchain solution for a startup, achieving a 50% increase in user engagement and a 30% increase in revenue.

Education:

* "
# Resume: Cybersecurity Analyst Sheena Hunter 56 Here's a professional resume for Sheena Hunter: She	"# Resume: Cybersecurity Analyst Sheena Hunter 56

Here's a professional resume for Sheena Hunter:

Sheena Hunter
Cybersecurity Analyst Candidate

Contact Information:

* Email: [sheena.hunter@email.co"
Achievements: * Identified and mitigated a critical vulnerability in the company's network, preventi	"Achievements:

* Identified and mitigated a critical vulnerability in the company's network, preventing a potential data breach and saving the company over $100,000 in potential losses
* Developed and"
# Resume: Business Analyst Anne Cole 115 Here's a sample resume for Anne Cole, applying for a Busine	"# Resume: Business Analyst Anne Cole 115

Here's a sample resume for Anne Cole, applying for a Business Analyst role:

Anne Cole
Contact Information:

* Phone: (555) 123-4567
* Email: [a.cole@email.co"
recognized for outstanding collaboration and teamwork * Data Analysis Innovation Award, ABC Corporat	"recognized for outstanding collaboration and teamwork
* Data Analysis Innovation Award, ABC Corporation (2019) - awarded for developing and implementing a data-driven decision-making framework

Profes"
# Resume: Business Analyst Bhavani 37 Here's a professional resume for Bhavani: **Bhavani** **Busine	"# Resume: Business Analyst Bhavani 37

Here's a professional resume for Bhavani:

**Bhavani**
**Business Analyst**

**Contact Information:**

* Phone: (123) 456-7890
* Email: [bhavani@email.com](mailt"
documenting business requirements through stakeholder interviews and workshops. * **Business Process	"documenting business requirements through stakeholder interviews and workshops.
* **Business Process Improvement**: Proven track record of driving business process improvement and process efficiency t"
# Resume: Content Writer Jennifer Gordon 78 Here's a professional resume for Jennifer Gordon: Jennif	"# Resume: Content Writer Jennifer Gordon 78

Here's a professional resume for Jennifer Gordon:

Jennifer Gordon
Contact Information:

* Email: [jennifer.gordon@email.com](mailto:jennifer.gordon@email."
* Reduced content creation timelines by 30% through process improvements and efficient workflow mana	"* Reduced content creation timelines by 30% through process improvements and efficient workflow management
* Developed and implemented a content strategy that resulted in a 50% increase in social medi"
# Resume: Cybersecurity Specialist Manoj 9 Here is a professional resume for Manoj: **Manoj** **Cybe	"# Resume: Cybersecurity Specialist Manoj 9

Here is a professional resume for Manoj:

**Manoj**
**Cybersecurity Specialist**

**Objective:**
To leverage my expertise in cybersecurity to secure and pro"
CompTIA Security+ * Certified Information Systems Security Professional (CISSP) (in progress) **Prof	"CompTIA Security+
* Certified Information Systems Security Professional (CISSP) (in progress)

**Professional Memberships:**

* Member, Information Systems Security Association (ISSA)
* Member, Cybers"
# Resume: Blockchain Developer Jason White 206 Here's a professional resume for Jason White, a Block	"# Resume: Blockchain Developer Jason White 206

Here's a professional resume for Jason White, a Blockchain Developer candidate:

Jason White
Blockchain Developer

Contact Information:

* Phone: (123) "
systems, web development, database systems achievements: * developed a real-time chat application us	"systems, web development, database systems

achievements:

* developed a real-time chat application using node.js, express.js, and socket.io, which was deployed on a cloud platform
* created a machine"
# Resume: Business Analyst Nicholas Morales 51 Here's a sample resume for Nicholas Morales: Nicholas	"# Resume: Business Analyst Nicholas Morales 51

Here's a sample resume for Nicholas Morales:

Nicholas Morales
Contact Information:

* Email: [nmorales@email.com](mailto:nmorales@email.com)
* Phone: ("
90% accuracy rate and 20% reduction in project timelines * Stakeholder Management: Successfully mana	"90% accuracy rate and 20% reduction in project timelines
* Stakeholder Management: Successfully managed relationships with 10+ stakeholders, resulting in 100% stakeholder satisfaction rate

Education:"
# Resume: Cloud Architect Ronald Smith 49 Here's a sample resume for Ronald Smith, a candidate apply	"# Resume: Cloud Architect Ronald Smith 49

Here's a sample resume for Ronald Smith, a candidate applying for the role of Cloud Architect:

Ronald Smith
Cloud Architect

Contact Information:

* Email: "
increase in scalability * Developed and maintained cloud resources using Terraform, ensuring consist	"increase in scalability
* Developed and maintained cloud resources using Terraform, ensuring consistency and reproducibility
* Implemented Docker and Kubernetes on AWS, resulting in 30% improvement in"
# Resume: Cloud Engineer Joshua Wagner 32 Here is a professional resume for Joshua Wagner: Joshua Wa	"# Resume: Cloud Engineer Joshua Wagner 32

Here is a professional resume for Joshua Wagner:

Joshua Wagner
Cloud Engineer

Contact Information:

* Phone: (555) 123-4567
* Email: [joshua.wagner@email.c"
a 50% improvement in scalability. * Collaborated with the development team to implement a continuous	"a 50% improvement in scalability.
* Collaborated with the development team to implement a continuous integration and continuous deployment (CI/CD) pipeline using Jenkins and Ansible.

Education:

* Ba"
# Resume: Cloud Architect A Cloud Architect Candidate With Experti 103 Here's a sample resume for a	"# Resume: Cloud Architect A Cloud Architect Candidate With Experti 103

Here's a sample resume for a Cloud Architect candidate with expertise in AWS, Azure, Terraform, and Cloud Security:

David Villa"
Science, XYZ University (2010-2014) Certifications: * AWS Certified Solutions Architect - Profession	"Science, XYZ University (2010-2014)

Certifications:

* AWS Certified Solutions Architect - Professional
* Azure Certified Solutions Architect - Expert
* Terraform Certified Associate

Skills:

* Clou"
# Resume: Content Writer Bryan Ortiz 140 Here's a professional resume for Bryan Ortiz: Bryan Ortiz C	"# Resume: Content Writer Bryan Ortiz 140

Here's a professional resume for Bryan Ortiz:

Bryan Ortiz
Contact Information:

* Address: 123 Main St, Anytown, USA 12345
* Phone: (555) 555-5555
* Email: ["
* Increased website traffic by 25% through SEO-optimized content * Improved brand visibility by 30%	"* Increased website traffic by 25% through SEO-optimized content
* Improved brand visibility by 30% through targeted content marketing
* Developed and implemented a content strategy that resulted in a"
# Resume: Cybersecurity Analyst James Love 151 Here's a sample resume for James Love: James Love Cyb	"# Resume: Cybersecurity Analyst James Love 151

Here's a sample resume for James Love:

James Love
Cybersecurity Analyst

Contact Information:

* Email: [jlove@email.com](mailto:jlove@email.com)
* Pho"
, MySQL) * Database Security (Encryption, Access controls, Monitoring) * Database Design and Impleme	", MySQL)
* Database Security (Encryption, Access controls, Monitoring)
* Database Design and Implementation
* Data Modeling and Architecture
* Data Migration and Integration
* Scripting languages (Pow"
% * Conducted a penetration testing engagement that resulted in the discovery of several critical se	"%
* Conducted a penetration testing engagement that resulted in the discovery of several critical security vulnerabilities, leading to significant improvements in network security posture
* Participat"
# Resume: Cybersecurity Specialist Shanti 4 Here is a professional resume for Shanti: **Shanti** **C	"# Resume: Cybersecurity Specialist Shanti 4

Here is a professional resume for Shanti:

**Shanti**
**Cybersecurity Specialist**

**Contact Information:**

* Phone: (123) 456-7890
* Email: [shanti@emai"
walls to ensure secure data transmission, including Cisco ASA and Palo Alto Networks * **Risk Assess	"walls to ensure secure data transmission, including Cisco ASA and Palo Alto Networks
* **Risk Assessment and Mitigation:** Proven expertise in assessing and mitigating risks, ensuring compliance with "
# Resume: Data Analyst Michael Ferrell 181 Here's a sample resume for Michael Ferrell, a Data Analys	"# Resume: Data Analyst Michael Ferrell 181

Here's a sample resume for Michael Ferrell, a Data Analyst candidate:

Michael Ferrell
Contact Information:

* Address: 123 Main Street, Anytown, USA 12345
"
modeling techniques: linear regression, time series analysis, hypothesis testing * Database manageme	"modeling techniques: linear regression, time series analysis, hypothesis testing
* Database management: MySQL, PostgreSQL, SQL Server
* Operating Systems: Windows, macOS, Linux

Achievements:

* Winne"
) Skills: * SEO (Keyword Research, On-Page Optimization, Technical SEO) * Content Marketing (Blog Wr	")

Skills:

* SEO (Keyword Research, On-Page Optimization, Technical SEO)
* Content Marketing (Blog Writing, Social Media Content, Email Marketing)
* Social Media Marketing (Facebook, Twitter, LinkedI"
# Resume: Data Analyst Zara 89 **Zara** **Contact Information:** * Email: [zara@email.com](mailto:za	"# Resume: Data Analyst Zara 89

**Zara**
**Contact Information:**

* Email: [zara@email.com](mailto:zara@email.com)
* Phone: 555-555-5555
* LinkedIn: linkedin.com/in/zara

**Summary:**
Results-driven "
reporting and communication * A/B testing and hypothesis-driven experimentation * Data-driven decisi	"reporting and communication
* A/B testing and hypothesis-driven experimentation
* Data-driven decision making
* Remote work environment

**Achievements:**

* **4.6 GPA in Data Science competitions**
*"
# Resume: Data Architect Christopher Bennett 94 Here's a professional resume for Christopher Bennett	"# Resume: Data Architect Christopher Bennett 94

Here's a professional resume for Christopher Bennett:

Christopher Bennett
Contact Information:

* Email: [christopher.bennett@email.com](mailto:christ"
Skills: * Data Modeling (ER/CR modeling, data normalization) * Big Data (Hadoop, Spark, NoSQL databa	"Skills:

* Data Modeling (ER/CR modeling, data normalization)
* Big Data (Hadoop, Spark, NoSQL databases)
* Cloud Data Solutions (AWS, Azure, Google Cloud)
* ETL Tools (Informatica, Talend, AWS Glue)
"
# Resume: Data Architect Gabriel Hernandez 195 Here's a professional resume for Gabriel Hernandez: G	"# Resume: Data Architect Gabriel Hernandez 195

Here's a professional resume for Gabriel Hernandez:

Gabriel Hernandez
Data Architect

Contact Information:

* Phone: (555) 123-4567
* Email: [gabriel.h"
apse Analytics) * Big Data: Cloud data solutions (AWS S3, Glue, Athena), Hadoop, Spark * Cloud Platf	"apse Analytics)
* Big Data: Cloud data solutions (AWS S3, Glue, Athena), Hadoop, Spark
* Cloud Platforms: AWS, Azure, Google Cloud
* Data Governance: Data quality, data security, data compliance
* Pro"
# Resume: Data Engineer Ivy Johnson 424 Here's a sample resume for Ivy Johnson: **Ivy Johnson** **Co	"# Resume: Data Engineer Ivy Johnson 424

Here's a sample resume for Ivy Johnson:

**Ivy Johnson**
**Contact Information:**

* Email: [ivy.johnson@email.com](mailto:ivy.johnson@email.com)
* Phone: (555"
**Education:** * Bachelor's Degree in Computer Science, XYZ University (2015) **Projects:** * **Pers	"**Education:**

* Bachelor's Degree in Computer Science, XYZ University (2015)

**Projects:**

* **Personal Project:** Developed a natural language processing pipeline using PyTorch and spaCy to analy"
# Resume: Data Engineer Michael Chen 2024 RESUME Name: Michael Chen Email: michael.chen@devmail.com	"# Resume: Data Engineer Michael Chen 2024

RESUME

Name: Michael Chen
Email: michael.chen@devmail.com
Phone: +1-555-0456
Location: Austin, TX, USA

PROFESSIONAL SUMMARY
Data Engineer with 4 years of e"
2018 Bachelor of Science in Statistics University of Colorado, Boulder Graduated: 2016 CERTIFICATION	"2018

Bachelor of Science in Statistics
University of Colorado, Boulder
Graduated: 2016

CERTIFICATIONS
- AWS Certified Data Analytics - Specialty
- Databricks Certified Data Engineer Professional
- G"
# Resume: Data Scientist Anthony Harris 317 Here is a professional resume for Anthony Harris: Anthon	"# Resume: Data Scientist Anthony Harris 317

Here is a professional resume for Anthony Harris:

Anthony Harris
Contact Information:

* Email: [anthony.harris@email.com](mailto:anthony.harris@email.com"
SQL * Machine learning libraries: TensorFlow, scikit-learn, PyTorch * Data visualization tools: Tabl	"SQL
* Machine learning libraries: TensorFlow, scikit-learn, PyTorch
* Data visualization tools: Tableau, Power BI, Matplotlib, Seaborn
* Database management: MySQL, PostgreSQL, MongoDB
* Operating Sys"
# Resume: Database Administrator Jamie Evans 69 Here's a professional resume for Jamie Evans: Jamie	"# Resume: Database Administrator Jamie Evans 69

Here's a professional resume for Jamie Evans:

Jamie Evans
Database Administrator

Contact Information:

* Phone: (123) 456-7890
* Email: [james.evens@"
# Resume: Kendra Johnson Kendra Johnson Contact Information: * Address: 123 Main St, Anytown, USA 12	"# Resume: Kendra Johnson

Kendra Johnson
Contact Information:

* Address: 123 Main St, Anytown, USA 12345
* Phone: (555) 555-5555
* Email: [kendra.johnson@email.com](mailto:kendra.johnson@email.com)
*"
ensuring high availability and data integrity * Provided technical support and training to faculty a	"ensuring high availability and data integrity
* Provided technical support and training to faculty and staff on database-related issues

Education:

* Bachelor's Degree in Computer Science, Anytown Un"
# Resume: Devops Engineer Rachel Oneill 172 Here is a professional resume for Rachel Oneill, a DevOp	"# Resume: Devops Engineer Rachel Oneill 172

Here is a professional resume for Rachel Oneill, a DevOps Engineer candidate:

Rachel Oneill
DevOps Engineer

Contact Information:

* Email: [rachel.oneill"
Education: * Bachelor of Science in Computer Science, XYZ University (2010-2014) Certifications: * C	"Education:

* Bachelor of Science in Computer Science, XYZ University (2010-2014)

Certifications:

* Certified Jenkins Engineer (CJE)
* Certified Kubernetes Administrator (CKA)
* Certified Ansible Ad"
# Resume: Digital Marketing Specialist Brian Marks 211 Here's a professional resume for Brian Marks:	"# Resume: Digital Marketing Specialist Brian Marks 211

Here's a professional resume for Brian Marks:

Brian Marks
Contact Information:

* Phone: (123) 456-7890
* Email: [bmarks@email.com](mailto:bmar"
# Resume: E Commerce Specialist Frank Fowler 241 Here's a professional resume for Frank Fowler: Fran	"# Resume: E Commerce Specialist Frank Fowler 241

Here's a professional resume for Frank Fowler:

Frank Fowler
E-commerce Specialist

Contact Information:

* Email: [frank.fowler@email.com](mailto:fra"
Management * E-commerce Platforms (Shopify, Magento, etc.) Achievements: * Winner of the 2019 ABC E-	"Management
* E-commerce Platforms (Shopify, Magento, etc.)

Achievements:

* Winner of the 2019 ABC E-commerce Company Innovation Award for developing and implementing a product listing optimization s"
# Resume: Full Stack Developer Brian Gilbert Jr 236 Here is a professional resume for Brian Gilbert	"# Resume: Full Stack Developer Brian Gilbert Jr  236

Here is a professional resume for Brian Gilbert Jr.:

Brian Gilbert Jr.
Full Stack Developer

Contact Information:

* Phone: (123) 456-7890
* Emai"
on GitHub and received positive feedback from the community * Successfully led a team to develop a w	"on GitHub and received positive feedback from the community
* Successfully led a team to develop a web application, ""Event Planner,"" which was showcased at a local hackathon
* Participated in a hackat"
# Resume: Game Developer Brianna Berry 8 Here's a sample resume for Brianna Berry: Brianna Berry Con	"# Resume: Game Developer Brianna Berry 8

Here's a sample resume for Brianna Berry:

Brianna Berry
Contact Information:

* Email: [briannaberry@email.com](mailto:briannaberry@email.com)
* Phone: 555-5"
Engine * 3D modeling and texturing: Maya, Blender, Substance Painter, Photoshop * Gameplay programmi	"Engine
* 3D modeling and texturing: Maya, Blender, Substance Painter, Photoshop
* Gameplay programming: AI, physics, graphics, audio, and UI/UX
* Agile development methodologies: Scrum, Kanban

Achiev"
# Resume: Graphic Designer Meghana 1 Here's a professional resume for Meghana: **Meghana** **Graphic	"# Resume: Graphic Designer Meghana 1

Here's a professional resume for Meghana:

**Meghana**
**Graphic Designer**

**Contact Information:**

* Address: [Insert Address]
* Phone: [Insert Phone Number]
"
to develop consistent brand identities. * **Adobe Photoshop:** Proficient in using Adobe Photoshop t	"to develop consistent brand identities.
* **Adobe Photoshop:** Proficient in using Adobe Photoshop to create and edit high-quality images, manipulate graphics, and achieve desired visual effects.

**C"
# Resume: Hr Specialist Deepthi 8 Here's a professional resume for Deepthi: **Deepthi** **HR Special	"# Resume: Hr Specialist Deepthi 8

Here's a professional resume for Deepthi:

**Deepthi**
**HR Specialist**

**Contact Information:**

* Phone: (123) 456-7890
* Email: [deepthi@email.com](mailto:deept"
# Resume: Human Resources Specialist Ryan Brooks 139 Here's a sample resume for Ryan Brooks: Ryan Br	"# Resume: Human Resources Specialist Ryan Brooks 139

Here's a sample resume for Ryan Brooks:

Ryan Brooks
Contact Information:

* Address: 123 Main Street, Anytown, USA 12345
* Phone: (555) 555-5555
"
, USA (2015) Certifications: * Society for Human Resource Management (SHRM) Certified Professional (	", USA (2015)

Certifications:

* Society for Human Resource Management (SHRM) Certified Professional (SHRM-CP)
* Certified Employee Benefit Specialist (CEBS)

Skills:

* Employee relations and conflic"
"a Mobile App for Social Good"" * Featured speaker at the 2020 Mobile App Development Conference, ""Des"	"a Mobile App for Social Good""
* Featured speaker at the 2020 Mobile App Development Conference, ""Designing and Developing High-Performing Mobile Applications""
* Successfully led the development of a m"
# Resume: It Support Specialist Joseph Wilson 214 Here's a sample resume for Joseph Wilson, a candid	"# Resume: It Support Specialist Joseph Wilson 214

Here's a sample resume for Joseph Wilson, a candidate applying for the role of IT Support Specialist:

Joseph Wilson
IT Support Specialist Candidate
"
* Collaborated with internal teams to identify and resolve technical issues, resulting in 20% reduct	"* Collaborated with internal teams to identify and resolve technical issues, resulting in 20% reduction in customer complaints
* Developed and implemented technical documentation, resulting in 15% inc"
# Resume: Machine Learning Engineer Nicole Sanchez 11 Here's a sample resume for Nicole Sanchez: Nic	"# Resume: Machine Learning Engineer Nicole Sanchez 11

Here's a sample resume for Nicole Sanchez:

Nicole Sanchez
Contact Information:

* Email: [nicole.sanchez@email.com](mailto:nicole.sanchez@email."
by 15% * Implemented a customer segmentation model using PyTorch that increased average order value	"by 15%
* Implemented a customer segmentation model using PyTorch that increased average order value by 12% and customer retention by 8%
* Presented research on hyperparameter tuning at a conference an"
# Resume: Mobile App Developer Tyler Patel 77 Here's a sample resume for Tyler Patel: Tyler Patel Co	"# Resume: Mobile App Developer Tyler Patel 77

Here's a sample resume for Tyler Patel:

Tyler Patel
Contact Information:

* Email: [tpatel@email.com](mailto:tpatel@email.com)
* Phone: 555-555-5555
* L"
# Resume: Network Engineer Navya 1 Here's a professional resume for Navya: **Navya** **Network Engin	"# Resume: Network Engineer Navya 1

Here's a professional resume for Navya:

**Navya**
**Network Engineer**

**Contact Information:**

* Email: [navya@email.com](mailto:navya@email.com)
* Phone: 555-5"
# Resume: Product Manager Jack Miller 377 Here's a sample resume for Jack Miller: **Jack Miller** **	"# Resume: Product Manager Jack Miller 377

Here's a sample resume for Jack Miller:

**Jack Miller**
**Contact Information:**

* Email: [jack.miller@email.com](mailto:jack.miller@email.com)
* Phone: 55"
skills **Achievements:** * Winner of the ABC Company's Innovation Award (2020) * Featured speaker at	"skills

**Achievements:**

* Winner of the ABC Company's Innovation Award (2020)
* Featured speaker at the DEF Startups' Product Development Conference (2019)
* Published in the Journal of Product Man"
# Resume: Project Manager Eashan Gupta 52 Here's a detailed dummy resume for Eashan Gupta, a candida	"# Resume: Project Manager Eashan Gupta 52

Here's a detailed dummy resume for Eashan Gupta, a candidate interviewing for the role of Project Manager:

**Contact Information:**

* Email: [eashan.gupta@"
rate * **Freelance Project Manager** (2015-2018) + Managed small to medium-sized projects for variou	"rate
* **Freelance Project Manager** (2015-2018)
	+ Managed small to medium-sized projects for various clients, including e-commerce platforms, marketing campaigns, and mobile applications
	+ Coordina"
# Resume: Qa Engineer Michael Williams 94 Here's a professional resume for Michael Williams: Michael	"# Resume: Qa Engineer Michael Williams 94

Here's a professional resume for Michael Williams:

Michael Williams
Contact Information:

* Email: [mwilliams@email.com](mailto:mwilliams@email.com)
* Phone"
by 30% through automation testing using Selenium * Identified and reported critical defects that res	"by 30% through automation testing using Selenium
* Identified and reported critical defects that resulted in significant revenue savings
* Developed and maintained a comprehensive test automation fram"
# Resume: Robotics Engineer Olivia Nguyen 88 Here is a sample resume for Olivia Nguyen: Olivia Nguye	"# Resume: Robotics Engineer Olivia Nguyen 88

Here is a sample resume for Olivia Nguyen:

Olivia Nguyen
Contact Information:

* Email: [olivia.nguyen@email.com](mailto:olivia.nguyen@email.com)
* Phone"
") + Coursework: Robotics, Control Systems, Mechatronics, and Path Planning + Thesis: ""Development of"	")
	+ Coursework: Robotics, Control Systems, Mechatronics, and Path Planning
	+ Thesis: ""Development of a ROS-based Control System for Autonomous Navigation""
* Bachelor of Science in Mechanical Enginee"
# Resume: Software Developer Candidate Kripal Nair 25 Here's a detailed dummy resume for candidate K	"# Resume: Software Developer Candidate Kripal Nair 25

Here's a detailed dummy resume for candidate Kripal Nair:

**Kripal Nair**
**Software Developer**

**Contact Information:**

* Email: [kripal.nai"
"Database Systems + Thesis: ""Design and Implementation of a Cloud-Based Data Processing Framework"" *"	"Database Systems
	+ Thesis: ""Design and Implementation of a Cloud-Based Data Processing Framework""
* **Bachelor of Engineering in Computer Science**, PQR University (2010)
	+ Coursework: Programming l"
# Resume: Software Engineer Kevin Alexander 336 Here's a sample resume for Kevin Alexander: Kevin Al	"# Resume: Software Engineer Kevin Alexander 336

Here's a sample resume for Kevin Alexander:

Kevin Alexander
Software Engineer

Contact Information:

* Email: [kevin.alexander@email.com](mailto:kevin"
Contributed to the development of a cloud-based SaaS product using Python and Django, with a focus o	"Contributed to the development of a cloud-based SaaS product using Python and Django, with a focus on scalability and performance.
* Designed and implemented multiple features, including user authenti"
# Resume: Software Engineer Sarah Mitchell 2024 RESUME Name: Sarah Mitchell Email: sarah.mitchell@te	"# Resume: Software Engineer Sarah Mitchell 2024

RESUME

Name: Sarah Mitchell
Email: sarah.mitchell@techmail.com
Phone: +1-555-0234
Location: Seattle, WA, USA

PROFESSIONAL SUMMARY
Full-stack Software"
Participated in agile ceremonies and sprint planning EDUCATION Master of Science in Computer Science	"Participated in agile ceremonies and sprint planning

EDUCATION
Master of Science in Computer Science
University of Washington, Seattle
Graduated: 2017

Bachelor of Science in Software Engineering
Ore"
# Resume: System Administrator Dr 100 Here's a sample resume for Dr. Susan Murphy: Dr. Susan Murphy	"# Resume: System Administrator Dr 100

Here's a sample resume for Dr. Susan Murphy:

Dr. Susan Murphy
System Administrator

Contact Information:

* Phone: (555) 123-4567
* Email: [susan.murphy@email.c"
integration and minimal downtime. **enthusiasm to contribute** nakul is passionate about leveraging	"integration and minimal downtime.

**enthusiasm to contribute**

nakul is passionate about leveraging data engineering best practices to drive business growth and improve operational efficiency. he is"
services. * Implemented and monitored system monitoring solutions using Nagios, resulting in a 25% r	"services.
* Implemented and monitored system monitoring solutions using Nagios, resulting in a 25% reduction in system downtime.
* Provided technical support for system administrators, engineers, and "
# Resume: Ui Designer James 35 **James** **UI Designer** **Contact Information:** * Email: [james@em	"# Resume: Ui Designer James 35

**James**
**UI Designer**

**Contact Information:**

* Email: [james@email.com](mailto:james@email.com)
* Phone: 555-555-5555
* LinkedIn: linkedin.com/in/jamesui
* GitH"
for creating interactive prototypes * **Responsive layouts**: Designed and implemented responsive we	"for creating interactive prototypes
* **Responsive layouts**: Designed and implemented responsive web applications that adapt to various devices and screen sizes
* **User-centered design**: Focused on"
# Resume: Ui Engineer Caroline Burgess 78 Here's a sample resume for Caroline Burgess, a UI Engineer	"# Resume: Ui Engineer Caroline Burgess 78

Here's a sample resume for Caroline Burgess, a UI Engineer candidate:

Caroline Burgess
UI Engineer

Contact Information:

* Email: [caroline.burgess@email.c"
"Presented a talk on ""Designing Scalable and Maintainable UI Components with React"" * Certified Scrum"	"Presented a talk on ""Designing Scalable and Maintainable UI Components with React""
* Certified Scrum Master (CSM), Scrum Alliance (2018): Demonstrated expertise in Scrum methodologies and agile develo"
# Resume: Ui Ux Designer Meghana 6 Here's a professional resume for Meghana: **Meghana** **UI/UX Des	"# Resume: Ui Ux Designer Meghana 6

Here's a professional resume for Meghana:

**Meghana**
**UI/UX Designer**

**Contact Information:**

* Email: [meghana@email.com](mailto:meghana@email.com)
* Phone:"
to provide a comprehensive overview of her background and qualifications.	to provide a comprehensive overview of her background and qualifications.
# Resume: Ux Designer Rachael Newman 1 Here's a professional resume for Rachael Newman, applying for	"# Resume: Ux Designer Rachael Newman 1

Here's a professional resume for Rachael Newman, applying for the role of UX Designer:

Rachael Newman
Contact Information:

* Address: 123 Main St, Anytown, US"
-centric interactions for web and mobile applications * Design Systems and Guidelines: Developing an	"-centric interactions for web and mobile applications
* Design Systems and Guidelines: Developing and maintaining design systems and guidelines for consistency and efficiency
* User Research and Testi"
# Resume: Data Analyst Candidate Profile Oshee Kapoor 21 **candidate profile: oshee kapoor** **role:	"# Resume: Data Analyst Candidate Profile  Oshee Kapoor 21

**candidate profile: oshee kapoor**

**role:** data analyst

**interview assessment:**

oshee kapoor's background in computer science and dat"
their skills. with further training, exposure, and practice, they have the potential to bridge these	their skills. with further training, exposure, and practice, they have the potential to bridge these gaps and become a skilled data analyst. it would be beneficial to provide oshee with targeted train
# Resume: Data Analyst Candidate Profile Veda Bhat 100 **candidate profile: veda bhat** **interview	"# Resume: Data Analyst Candidate Profile  Veda Bhat 100

**candidate profile: veda bhat**

**interview for data analyst role**

**summary:**

veda bhat is a candidate with a strong academic background"
machine learning libraries was a concern. * **insufficient experience in working with large datasets	"machine learning libraries was a concern.
* **insufficient experience in working with large datasets:** veda's experience with working with large datasets was limited, and they struggled to optimize d"
# Resume: harshitha chopra harshitha chopra contact information: * email: [harshitha.chopra@email.co	"# Resume: harshitha chopra

harshitha chopra
contact information:

* email: [harshitha.chopra@email.com](mailto:harshitha.chopra@email.com)
* phone: 555-555-5555
* linkedin: linkedin.com/in/harshithac"
by developing and maintaining data validation scripts education: * master of science in computer sci	"by developing and maintaining data validation scripts

education:

* master of science in computer science, xyz university (2018)
	+ coursework: data science, machine learning, database systems, and s"
# Resume: Data Engineer Relevant Domain Experience 179 **nakul seth: data engineer candidate with pr	"# Resume: Data Engineer Relevant Domain Experience 179

**nakul seth: data engineer candidate with proven expertise in data warehousing and big data technologies**

as a seasoned data engineer with a "
# Resume: Data Scientist Brinda Bhardwaj 210 **brinda bhardwaj** **data scientist candidate** as a s	"# Resume: Data Scientist Brinda Bhardwaj 210

**brinda bhardwaj**
**data scientist candidate**

as a seasoned data scientist with a strong foundation in machine learning, statistics, and data visualiz"
, which resulted in a 30% reduction in false positives and a 20% increase in true positives. * **ret	", which resulted in a 30% reduction in false positives and a 20% increase in true positives.
* **retail**: analyzed customer purchase behavior using clustering and regression analysis, leading to a 15"
# Resume: Product Manager Varsha Reddy 196 **varsha reddy** **product manager candidate** as a seaso	"# Resume: Product Manager Varsha Reddy 196

**varsha reddy**
**product manager candidate**

as a seasoned product manager with a strong foundation in product strategy, project management, and market r"
platform, resulting in a 25% increase in sales revenue within the first six months of launch. * **ma	"platform, resulting in a 25% increase in sales revenue within the first six months of launch.
* **market research**: i conducted market research to inform product decisions for a retail client, result"
# Resume: aditya sharma aditya sharma contact information: * email: [adityasharma@email.com](mailto:	"# Resume: aditya sharma

aditya sharma
contact information:

* email: [adityasharma@email.com](mailto:adityasharma@email.com)
* phone: 123-456-7890
* linkedin: linkedin.com/in/adityasharma

summary:
h"
# Resume: Ui Designer Candidate Profile Daiwik Jain 51 **candidate profile: daiwik jain** **intervie	"# Resume: Ui Designer Candidate Profile  Daiwik Jain 51

**candidate profile: daiwik jain**

**interviewed for:** ui designer

**key takeaways:**

daiwik jain demonstrated enthusiasm and a willingness"
, m, e, d, i, a:** daiwik was unfamiliar with the tools and technologies required for this role, inc	", m, e, d, i, a:** daiwik was unfamiliar with the tools and technologies required for this role, including sketch, figma, invision, adobe xd, and wireframing plugins.

**concerns raised during the int"
# Resume: Ui Engineer Tammy Mckenzie Applying For The Role Of 22 here's a sample resume for tammy mc	"# Resume: Ui Engineer Tammy Mckenzie Applying For The Role Of  22

here's a sample resume for tammy mckenzie applying for the role of ui engineer:

tammy mckenzie
contact information:

* email: [tammy"
stand-ups and sprint planning education: * bachelor's degree in computer science, [university name]	"stand-ups and sprint planning

education:

* bachelor's degree in computer science, [university name] (2015)

certifications:

* certified ui engineer, [certification name] (2019)
* certified ux desig"
